UserID,Gender,Title,GivenName,Surname,State,ZipCode,Username,Password
1,male,Mr.,Lachlan,McCormick,TAS,7050,LachlanMcCormick@superrito.com,oakeaQui2Ae
2,male,Mr.,Seth,Boland,NSW,2328,SethBoland@rhyta.com,Gae0thaeth1ae
3,female,Mrs.,Makayla,Clifton,ACT,2600,MakaylaClifton@rhyta.com,Fasohd3cah
4,male,Mr.,Finn,Easterbrook,NT,820,FinnEasterbrook@cuvox.de,shaiG4Ahtae
5,female,Mrs.,Anna,Kingsmill,VIC,3875,AnnaKingsmill@rhyta.com,yahsh9Ai
6,female,Ms.,Jessica,Franklin,VIC,3718,JessicaFranklin@rhyta.com,ya4Uhahn2Ah
7,female,Mrs.,Eden,Murray-Prior,WA,6112,EdenMurray-Prior@cuvox.de,OhQuah3ia9ie
8,male,Mr.,Andrew,Boag,VIC,3371,AndrewBoag@jourrapide.com,saech1Pai
9,female,Mrs.,Alannah,Lower,SA,5137,AlannahLower@cuvox.de,aaNi6poh
10,male,Mr.,Sean,Helpman,QLD,4300,SeanHelpman@jourrapide.com,Aitoaw3rah
11,male,Mr.,Matthew,Boyes,NSW,2370,MatthewBoyes@einrot.com,ser3oak3We9
12,female,Ms.,Mariam,Jacobs,VIC,3608,MariamJacobs@fleckens.hu,Goongail5H
13,female,Mrs.,Natasha,Bagot,QLD,4341,NatashaBagot@fleckens.hu,aefaiCh5
14,female,Ms.,Caitlin,Fowler,QLD,4121,CaitlinFowler@dayrep.com,cho2ENuiZoo
15,female,Ms.,Isabelle,Lynas,SA,5270,IsabelleLynas@cuvox.de,auSh3Oogae
16,male,Mr.,Julian,McGuigan,QLD,4357,JulianMcGuigan@rhyta.com,aiZahRoy1
17,female,Ms.,Piper,Dangar,QLD,4650,PiperDangar@fleckens.hu,ahteeGh8ona
18,male,Mr.,Rory,Knopwood,SA,5259,RoryKnopwood@fleckens.hu,xii0OhSaib
19,male,Mr.,Logan,Carslaw,WA,6432,LoganCarslaw@superrito.com,iZohshah9Oo
20,female,Mrs.,Brooke,Lennox,SA,5481,BrookeLennox@rhyta.com,keeneik8Rai
21,male,Mr.,Cooper,Stoate,WA,6530,CooperStoate@dayrep.com,uhei4Hae
22,female,Ms.,Poppy,Musgrove,WA,6044,PoppyMusgrove@armyspy.com,yaeYie1Wah
23,male,Mr.,Mitchell,Truman,QLD,4806,MitchellTruman@gustr.com,Iezoola3t
24,female,Ms.,Rose,Dash,WA,6055,RoseDash@teleworm.us,Eitoh1uo
25,female,Ms.,Amber,Flinders,NSW,2804,AmberFlinders@teleworm.us,quee9xuoPh
26,female,Ms.,Alice,Royston,QLD,4740,AliceRoyston@cuvox.de,chiefaiX1AT
27,female,Mrs.,Kiara,Remington,SA,5453,KiaraRemington@gustr.com,HuWaeWu1ah
28,male,Mr.,Ali,De Vis,NSW,2404,AliDeVis@einrot.com,Koo9Eidai
29,male,Mr.,Caleb,Iverson,NSW,2800,CalebIverson@armyspy.com,Gaephaen4v
30,female,Ms.,Stella,Ribush,SA,5253,StellaRibush@cuvox.de,Phae4feak9p
31,male,Mr.,Sam,Crace,VIC,3799,SamCrace@rhyta.com,Ieti2Quoo
32,male,Mr.,Jack,Driver,VIC,3673,JackDriver@einrot.com,faiWai3eed
33,male,Mr.,Thomas,Joyce,TAS,7140,ThomasJoyce@einrot.com,dieyeiGh1
34,male,Mr.,Rory,Hemmant,TAS,7012,RoryHemmant@einrot.com,Zoxuughii3
35,male,Mr.,Aidan,Bromilow,SA,5374,AidanBromilow@rhyta.com,le3waiV2cee
36,male,Mr.,Anthony,David,VIC,3943,AnthonyDavid@jourrapide.com,ReeCh5eiqu
37,female,Ms.,Annabelle,Townsend,NSW,2304,AnnabelleTownsend@teleworm.us,Uezech0Cee
38,male,Mr.,Daniel,Browne,NSW,2289,DanielBrowne@dayrep.com,yah7Vahw
39,male,Mr.,Jackson,Newbigin,QLD,4122,JacksonNewbigin@fleckens.hu,eiSheki3
40,female,Ms.,Audrey,Solander,VIC,3546,AudreySolander@cuvox.de,oqu7eRaoxa
41,female,Mrs.,Sophia,Holden,VIC,3129,SophiaHolden@gustr.com,ithieMaeh0o
42,female,Mrs.,Bella,Creer,VIC,3304,BellaCreer@cuvox.de,too3Neekae
43,male,Mr.,Blake,Alison,WA,6522,BlakeAlison@cuvox.de,EJ3mooHi
44,female,Mrs.,Stephanie,Stillwell,QLD,4352,StephanieStillwell@einrot.com,tei5Eicho
45,male,Mr.,Hudson,Whitfield,VIC,3186,HudsonWhitfield@rhyta.com,ohHah5gi5am
46,male,Mr.,Tyson,Le Couteur,SA,5267,TysonLeCouteur@jourrapide.com,moj0Oongei
47,female,Ms.,Sarah,Carington,QLD,4671,SarahCarington@einrot.com,Bibe1ahx6l
48,female,Mrs.,Holly,Monash,NSW,2336,HollyMonash@fleckens.hu,daeGheej2
49,female,Ms.,Abigail,Baragwanath,VIC,3896,AbigailBaragwanath@superrito.com,doo2Cee8n
50,female,Ms.,Sophia,Nivison,QLD,4670,SophiaNivison@teleworm.us,Saing8ph